ItemNo,Theme,Modality,Complexity,Sentence,AudioFile,Question,Answer,group
1,外送,Listen,Simple,店員核對剛才客人透過外送平台預訂的海鮮披薩,audio_01_S.mp3,店員正在核對披薩嗎？,是,1
1,外送,Listen,Complex,因為客人剛才預訂了海鮮披薩所以店員正在核對,audio_01_C.mp3,店員正在核對披薩嗎？,是,2
1,外送,Read,Simple,店員核對剛才客人透過外送平台預訂的海鮮披薩,,店員正在核對披薩嗎？,是,3
1,外送,Read,Complex,因為客人剛才預訂了海鮮披薩所以店員正在核對,,店員正在核對披薩嗎？,是,4
2,辦公室,Listen,Complex,由於會議紀錄被總經理寫好了所以助理正在影印,audio_02_C.mp3,紀錄是助理寫的嗎？,否,1
2,辦公室,Read,Simple,助理影印總經理昨天早上寫下的會議紀錄,,紀錄是助理寫的嗎？,否,2
2,辦公室,Read,Complex,由於會議紀錄被總經理寫好了所以助理正在影印,,紀錄是助理寫的嗎？,否,3
2,辦公室,Listen,Simple,助理影印總經理昨天早上寫下的會議紀錄,audio_02_S.mp3,紀錄是助理寫的嗎？,否,4
3,家務,Read,Simple,媽媽清洗弟弟下午在操場踩到泥巴坑弄髒的球鞋,,媽媽在清洗運動鞋嗎？,是,1
3,家務,Read,Complex,因為弟弟下午在操場時踩到泥巴坑弄髒了球鞋所以媽媽正在清洗,,媽媽在清洗運動鞋嗎？,是,2
3,家務,Listen,Simple,媽媽清洗弟弟下午在操場踩到泥巴坑弄髒的球鞋,audio_03_S.mp3,媽媽在清洗運動鞋嗎？,是,3
3,家務,Listen,Complex,因為弟弟下午在操場時踩到泥巴坑弄髒了球鞋所以媽媽正在清洗,audio_03_C.mp3,媽媽在清洗運動鞋嗎？,是,4
4,料理,Read,Complex,既然爸爸挑選了從南方澳漁港買回來的新鮮鱸魚廚師就開始處理,,廚師在處理鱸魚嗎？,是,1
4,料理,Listen,Simple,廚師處理爸爸特地去南方澳漁港挑選的新鮮鱸魚,audio_04_S.mp3,廚師在處理鱸魚嗎？,是,2
4,料理,Listen,Complex,既然爸爸挑選了從南方澳漁港買回來的新鮮鱸魚廚師就開始處理,audio_04_C.mp3,廚師在處理鱸魚嗎？,是,3
4,料理,Read,Simple,廚師處理爸爸特地去南方澳漁港挑選的新鮮鱸魚,,廚師在處理鱸魚嗎？,是,4
5,維修,Listen,Simple,師傅幫助鄰居更換壓到鐵釘而報廢的破損輪胎,audio_05_S.mp3,輪胎目前是完好的嗎？,否,1
5,維修,Listen,Complex,雖然壓到鐵釘而報廢的破損輪胎很難處理但是師傅仍正在幫助鄰居更換新輪胎,audio_05_C.mp3,輪胎目前是完好的嗎？,否,2
5,維修,Read,Simple,師傅幫助鄰居更換壓到鐵釘而報廢的破損輪胎,,輪胎目前是完好的嗎？,否,3
5,維修,Read,Complex,雖然壓到鐵釘而報廢的破損輪胎很難處理但是師傅仍正在幫助鄰居更換新輪胎,,輪胎目前是完好的嗎？,否,4
6,醫療,Listen,Complex,儘管急診室非常忙碌但是醫師正在簽署給病患的處方箋,audio_06_C.mp3,是護理師在簽處方箋嗎？,否,1
6,醫療,Read,Simple,醫師簽署護理師等一會兒要開給病患的處方箋,,是護理師在簽處方箋嗎？,否,2
6,醫療,Read,Complex,儘管急診室非常忙碌但是醫師正在簽署給病患的處方箋,,是護理師在簽處方箋嗎？,否,3
6,醫療,Listen,Simple,醫師簽署護理師等一會兒要開給病患的處方箋,audio_06_S.mp3,是護理師在簽處方箋嗎？,否,4
7,圖書館,Read,Simple,管理員整理同學逾期許久才歸還的原文書,,原文書是管理員歸還的嗎？,否,1
7,圖書館,Read,Complex,雖然同學歸還的原文書非常重不過管理員正在盡責整理,,原文書是管理員歸還的嗎？,否,2
7,圖書館,Listen,Simple,管理員整理同學逾期許久才歸還的原文書,audio_07_S.mp3,原文書是管理員歸還的嗎？,否,3
7,圖書館,Listen,Complex,雖然同學歸還的原文書非常重不過管理員正在盡責整理,audio_07_C.mp3,原文書是管理員歸還的嗎？,否,4
8,園藝,Read,Complex,如果爺爺去年在後院栽種的紅玫瑰花叢長得太茂盛那麼園丁伯伯會去修剪,,園丁正在修剪玫瑰嗎？,是,1
8,園藝,Listen,Simple,園丁伯伯正修剪爺爺去年在後院栽種的紅玫瑰花叢,audio_08_S.mp3,園丁正在修剪玫瑰嗎？,是,2
8,園藝,Listen,Complex,如果爺爺去年在後院栽種的紅玫瑰花叢長得太茂盛那麼園丁伯伯會去修剪,audio_08_C.mp3,園丁正在修剪玫瑰嗎？,是,3
8,園藝,Read,Simple,園丁修剪爺爺去年在後院栽種的紅玫瑰,,園丁正在修剪玫瑰嗎？,是,4
9,咖啡廳,Listen,Simple,店員正在打包客人不要加糖也不加奶的雙倍濃縮咖啡,audio_09_S.mp3,店員在打包咖啡嗎？,是,1
9,咖啡廳,Listen,Complex,要是不要糖也不要加奶的特調咖啡製作好了那麼店員就會準備打包給客人,audio_09_C.mp3,店員在打包咖啡嗎？,是,2
9,咖啡廳,Read,Simple,店員正在打包客人不要加糖也不加奶的雙倍濃縮咖啡,,店員在打包咖啡嗎？,是,3
9,咖啡廳,Read,Complex,要是不要糖也不要加奶的特調咖啡製作好了那麼店員就會準備打包給客人,,店員在打包咖啡嗎？,是,4
10,建築,Listen,Complex,如果工程師把藍圖重新繪製完成那麼就會和施工現場的工頭再次確認,audio_10_C.mp3,藍圖是工頭重新繪製的嗎？,否,1
10,建築,Read,Simple,施工現場的工頭確認工程師根據設計草圖繪製的藍圖,,藍圖是工頭重新繪製的嗎？,否,2
10,建築,Read,Complex,如果工程師把藍圖重新繪製完成那麼就會和施工現場的工頭再次確認,,藍圖是工頭重新繪製的嗎？,否,3
10,建築,Listen,Simple,施工現場的工頭確認工程師根據設計草圖重新繪製的新藍圖,audio_10_S.mp3,藍圖是工頭重新繪製的嗎？,否,4